topic,volume,severity,negative_share,mean_sentiment,reach,impact_weight,estimated_revenue_at_risk,effort_engineer_weeks,priority_score,rice_score
Performance & crashes,9218,0.5121401063137341,0.7589498806682577,-0.44834879583423737,0.18436,0.9,705177.0000000001,10,54.07400080277718,663.6960000000001
Battery & charging,13106,0.32977945215931637,0.55455516557302,-0.19082244773386237,0.26212,1.0,1114010.0,8,48.84808687623989,1310.6000000000001
Setup & account,9327,0.49979697651978133,0.7342125013401951,-0.413853157499732,0.18654,0.62,491532.89999999997,5,47.67435932239734,925.2384
Connectivity & sync,9961,0.37916634876016464,0.624134123080012,-0.26458444935247466,0.19922,0.82,694281.7,8,46.23427292440518,816.802
Audio quality,9400,0.4019344680851064,0.6127659574468085,-0.25467068085106387,0.188,0.7,559300.0,6,43.95335319148936,877.3333333333334
Delivery & replacement,5709,0.4405302504816956,0.6614118059204764,-0.341089612891925,0.11418,0.48,232927.19999999998,4,39.46954363286039,548.064
Design & comfort,10788,0.33414152762328514,0.5337411939191694,-0.16491664812754914,0.21576,0.55,504339.00000000006,9,38.17186970708194,527.4133333333334
Other,751,0.11207083888149134,0.24633821571238348,0.21594580559254326,0.01502,0.25,15958.75,4,13.73948948069241,37.550000000000004
